{"seed":36330,"type":"deciduous","bark":{"type":"oak","tint":13552830,"flatShading":false,"textured":true,"textureScale":{"x":0.5,"y":5}},"branch":{"levels":3,"angle":{"1":40.13857575605574,"2":38.241965067787234,"3":50.68865909177608},"children":{"0":15.224163914160373,"1":6.945331271623529,"2":0.5438204266877766},"force":{"direction":{"x":-0.13949751228548934,"y":-0.2037148185240487,"z":0.9871635629827171},"strength":-0.0287605973424018},"gnarliness":{"0":0.06165289396540717,"1":-0.16577396889239782,"2":0.34251840178655374,"3":-0.016194319140337834},"length":{"0":41.18259458519763,"1":18.76942570866268,"2":9.01506805498224,"3":5.88714197438496},"radius":{"0":2.257764170025566,"1":0.63,"2":0.76,"3":0.7},"sections":{"0":12,"1":8,"2":6,"3":4},"segments":{"0":12,"1":6,"2":4,"3":3},"start":{"1":0.35307372642499457,"2":0.34229726322252735,"3":0.29701895650531673},"taper":{"0":0.6772714965905975,"1":0.5373759517647552,"2":0.5149136993387209,"3":0.5297017041776169},"twist":{"0":-0.0732607188659237,"1":0.14948491248195417,"2":0.2136125835339377,"3":0.33632256488604056}},"leaves":{"type":"ash","billboard":"double","angle":55,"count":16,"start":0,"size":3,"sizeVariance":0.72,"tint":16777215,"alphaTest":0.5}}